{"cameraMode":{"drawMode":0,"name":"Shaded","section":"Shading Mode"},"sceneLighting":true,"audioPlay":false,"sceneViewState":{"m_AlwaysRefresh":false,"showFog":true,"showSkybox":true,"showFlares":true,"showImageEffects":true,"showParticleSystems":true,"showVisualEffectGraphs":true,"m_FxEnabled":true},"in2DMode":false,"pivot":{"x":376.5119323730469,"y":-327.0157470703125,"z":-180.88031005859376},"rotation":{"x":0.11954620480537415,"y":-0.22339262068271638,"z":0.027629749849438669,"w":0.9670412540435791},"size":97.55891418457031,"orthographic":false}